id,title,content
1,Personal Injury,"A personal injury occurs when a person has suffered some form of injury, either physical or psychological, as the result of an accident or other event."
2,Divorce,"Divorce is the legal dissolution of a marriage by a court or other competent body."
3,Employment Law,"Employment law is the area of law that governs the employer-employee relationship, including issues related to hiring, firing, discrimination, and compensation."
4,Real Estate Law,"Real estate law is the area of law that governs the buying, selling, and use of land and buildings."
5,Family Law,"Family law is the area of law that deals with issues related to marriage, divorce, child custody, and adoption."
6,Criminal Law,"Criminal law is the area of law that deals with crimes and the punishment of those who commit them."
7,Intellectual Property Law,"Intellectual property law is the area of law that governs the ownership and use of creative works, such as inventions, literary and artistic works, and symbols, names, and images used in commerce."
8,Immigration Law,"Immigration law is the area of law that governs the entry, stay, and departure of foreign nationals from a country."
9,Tax Law,"Tax law is the area of law that governs the collection and payment of taxes, including income tax, property tax, and sales tax."
10,Environmental Law,"Environmental law is the area of law that governs the relationship between humans and the natural environment, including issues related to pollution, conservation, and land use."
